Document ID,boundingBoxUrl,cloudVideoUrl
nroPDRC7Z5rqxRT6GioE,https://firebasestorage.googleapis.com/v0/b/onform-ml-data-staging/apple-pose-data/nroPDRC7Z5rqxRT6GioE.json,https://firebasestorage.googleapis.com:443/v0/b/us-videos-staging/o/original%2FnroPDRC7Z5rqxRT6GioE.mp4?alt=media&token=cad18b91-d851-4600-a81b-7d2f3c8ff278
pMmPV3bqxBU6JecGBEJa,https://firebasestorage.googleapis.com/v0/b/onform-ml-data-staging/apple-pose-data/pMmPV3bqxBU6JecGBEJa.json,https://firebasestorage.googleapis.com:443/v0/b/us-videos-staging/o/original%2FpMmPV3bqxBU6JecGBEJa.mp4?alt=media&token=48dba0ff-2089-418f-8a1e-0ab109bac831
0jyqhQgMX4eYDiTXJR6v,https://firebasestorage.googleapis.com:443/v0/b/onform-ml-data-staging/o/apple-pose-data%2F0jyqhQgMX4eYDiTXJR6v.json?alt=media&token=02c48e9e-5898-4ce5-8bf9-2bfb0705aa9d,https://firebasestorage.googleapis.com:443/v0/b/us-videos-staging/o/original%2F0jyqhQgMX4eYDiTXJR6v.mp4?alt=media&token=b1bfce4c-2559-4db3-a55e-11c6ef14bd5e
0nSLEAGlPnlVlr3IqoJv,https://firebasestorage.googleapis.com:443/v0/b/onform-ml-data-staging/o/apple-pose-data%2F0nSLEAGlPnlVlr3IqoJv.json?alt=media&token=4ec09656-f74f-4991-8fa6-c607d6d6615b,https://firebasestorage.googleapis.com:443/v0/b/us-videos-staging/o/original%2F0nSLEAGlPnlVlr3IqoJv.mp4?alt=media&token=93e2bd18-6949-4327-8338-f966143b81fb
1MnHSQs8OBi5VrXXKymL,https://firebasestorage.googleapis.com:443/v0/b/onform-ml-data-staging/o/apple-pose-data%2F1MnHSQs8OBi5VrXXKymL.json?alt=media&token=4b1382fc-341c-4e86-9fd1-bcd1102ed9f2,https://firebasestorage.googleapis.com:443/v0/b/us-videos-staging/o/original%2F1MnHSQs8OBi5VrXXKymL.mp4?alt=media&token=20bb5b75-624e-40ec-90e4-48fbec1fa1f4
2PKBtlxdPUCgIlD3Rbff,https://firebasestorage.googleapis.com:443/v0/b/onform-ml-data-staging/o/apple-pose-data%2F2PKBtlxdPUCgIlD3Rbff.json?alt=media&token=fb383213-da50-4492-8e16-2b712a42e8dc,https://firebasestorage.googleapis.com:443/v0/b/us-videos-staging/o/original%2F2PKBtlxdPUCgIlD3Rbff.mp4?alt=media&token=73c788e8-9935-4c6a-bc41-7f23a0da4fa5
2VCcYlDHSgPrz1EWGQ2t,https://firebasestorage.googleapis.com:443/v0/b/onform-ml-data-staging/o/apple-pose-data%2F2VCcYlDHSgPrz1EWGQ2t.json?alt=media&token=1218ae40-242a-4c9c-ac00-ae69b20cc588,https://firebasestorage.googleapis.com:443/v0/b/us-videos-staging/o/original%2F2VCcYlDHSgPrz1EWGQ2t.mp4?alt=media&token=590f1d40-d1de-4c22-9af3-a491da1af467
3PJcICiaCosDOdKcXplP,https://firebasestorage.googleapis.com:443/v0/b/onform-ml-data-staging/o/apple-pose-data%2F3PJcICiaCosDOdKcXplP.json?alt=media&token=050759f3-9606-48f1-8f11-bfb55e20c3e8,https://firebasestorage.googleapis.com:443/v0/b/us-videos-staging/o/original%2F3PJcICiaCosDOdKcXplP.mp4?alt=media&token=1c9ac138-b6b1-4715-b19c-4fb931f12478
3wuIJV4OR6JdoRvDhsYE,https://firebasestorage.googleapis.com:443/v0/b/onform-ml-data-staging/o/apple-pose-data%2F3wuIJV4OR6JdoRvDhsYE.json?alt=media&token=59a2572e-db58-49d5-a71b-b0cd12530ff4,https://firebasestorage.googleapis.com/v0/b/us-videos-staging/o/original%2F3wuIJV4OR6JdoRvDhsYE.mp4?alt=media&token=240176f9-4738-4989-be9e-5166ad59c528
45JRO3bdBZGVl3oJl2m7,https://firebasestorage.googleapis.com:443/v0/b/onform-ml-data-staging/o/apple-pose-data%2F45JRO3bdBZGVl3oJl2m7.json?alt=media&token=e65081e9-f92d-4e2a-9799-fc11de494863,https://firebasestorage.googleapis.com:443/v0/b/us-videos-staging/o/original%2F45JRO3bdBZGVl3oJl2m7.mp4?alt=media&token=af7ab6fe-8f81-4b8d-8c6a-2855bf46af2f
4hb167cTpUrqSy4gyPy6,https://firebasestorage.googleapis.com:443/v0/b/onform-ml-data-staging/o/apple-pose-data%2F4hb167cTpUrqSy4gyPy6.json?alt=media&token=a4360406-af27-465f-98f1-6aecd47b2076,https://firebasestorage.googleapis.com/v0/b/us-videos-staging/o/original%2F4hb167cTpUrqSy4gyPy6.mp4?alt=media&token=ca339dbb-cbc4-43dd-b0ca-0822206d073e
4jgSSHtek2JxqO0sAdEv,https://firebasestorage.googleapis.com:443/v0/b/onform-ml-data-staging/o/apple-pose-data%2F4jgSSHtek2JxqO0sAdEv.json?alt=media&token=2b57b3ec-9c89-43eb-909d-dfa1e4ad267c,https://firebasestorage.googleapis.com:443/v0/b/us-videos-staging/o/original%2F4jgSSHtek2JxqO0sAdEv.mp4?alt=media&token=b71d1c9d-d91c-49cc-b35b-9ffef062549a
52MnGYlu60aIX3G21DXv,https://firebasestorage.googleapis.com:443/v0/b/onform-ml-data-staging/o/apple-pose-data%2F52MnGYlu60aIX3G21DXv.json?alt=media&token=8d7d8c48-d24e-4d9b-b483-c93c49fe0e57,https://firebasestorage.googleapis.com:443/v0/b/us-videos-staging/o/original%2F52MnGYlu60aIX3G21DXv.mp4?alt=media&token=e88e5ae7-9211-4196-b13a-7a57228ba88a
5FRbekkvs7RYqYItpxna,https://firebasestorage.googleapis.com:443/v0/b/onform-ml-data-staging/o/apple-pose-data%2F5FRbekkvs7RYqYItpxna.json?alt=media&token=d6be6ae2-7462-4c5b-93d9-48873b278632,https://firebasestorage.googleapis.com/v0/b/us-videos-staging/o/original%2F5FRbekkvs7RYqYItpxna.mp4?alt=media&token=330d97ad-16e8-499f-8c93-fb28c6fd3e98
5dHatsjpuV0V51P7YLEa,https://firebasestorage.googleapis.com:443/v0/b/onform-ml-data-staging/o/apple-pose-data%2F5dHatsjpuV0V51P7YLEa.json?alt=media&token=9be921c2-116b-4c75-9819-76fe9e65a953,https://firebasestorage.googleapis.com:443/v0/b/us-videos-staging/o/original%2F5dHatsjpuV0V51P7YLEa.mp4?alt=media&token=31f8fd67-4949-4762-9660-177009dfaa71
6TBowT3TGm24EuQvmr8r,https://firebasestorage.googleapis.com:443/v0/b/onform-ml-data-staging/o/apple-pose-data%2F6TBowT3TGm24EuQvmr8r.json?alt=media&token=3b0d751f-336a-46d4-b8af-93825a47dc47,https://firebasestorage.googleapis.com:443/v0/b/us-videos-staging/o/original%2F6TBowT3TGm24EuQvmr8r.mp4?alt=media&token=fcf67cc1-2b30-46b6-b62e-98c448c6713c
6ZKnocNzJP0ekzUwZCOA,https://firebasestorage.googleapis.com:443/v0/b/onform-ml-data-staging/o/apple-pose-data%2F6ZKnocNzJP0ekzUwZCOA.json?alt=media&token=8898247d-e0d7-4227-9f6f-faa2bf0d6099,https://firebasestorage.googleapis.com:443/v0/b/us-videos-staging/o/original%2F6ZKnocNzJP0ekzUwZCOA.mp4?alt=media&token=1f1d2063-64f4-4193-879a-202ecb2a6f47
7An0elmGxtyjkI7oxosk,https://firebasestorage.googleapis.com:443/v0/b/onform-ml-data-staging/o/apple-pose-data%2F7An0elmGxtyjkI7oxosk.json?alt=media&token=67d5c12e-822c-45a0-a67c-4df83c339d8c,https://firebasestorage.googleapis.com:443/v0/b/us-videos-staging/o/original%2F7An0elmGxtyjkI7oxosk.mp4?alt=media&token=8b3ba9e0-a4e2-4b80-b60e-2466f02674c5
7MOatkXhNTH3UiwKddiU,https://firebasestorage.googleapis.com:443/v0/b/onform-ml-data-staging/o/apple-pose-data%2F7MOatkXhNTH3UiwKddiU.json?alt=media&token=7dd72db5-1371-43fe-b43b-2569faa8f8a0,https://firebasestorage.googleapis.com:443/v0/b/us-videos-staging/o/original%2F7MOatkXhNTH3UiwKddiU.mp4?alt=media&token=e1c3d5c4-481a-40ee-8dbb-0523434f3ab5
7ZFsc3uY7P7TWnxoAKf6,https://firebasestorage.googleapis.com:443/v0/b/onform-ml-data-staging/o/apple-pose-data%2F7ZFsc3uY7P7TWnxoAKf6.json?alt=media&token=bc8256cc-b311-460e-8689-4bf6cb423858,https://firebasestorage.googleapis.com:443/v0/b/us-videos-staging/o/original%2F7ZFsc3uY7P7TWnxoAKf6.mp4?alt=media&token=a699cf3b-68eb-48f7-8eef-cfc7c9d99b22
7gx6djr1ObVXkTQzwFLV,https://firebasestorage.googleapis.com:443/v0/b/onform-ml-data-staging/o/apple-pose-data%2F7gx6djr1ObVXkTQzwFLV.json?alt=media&token=5dd8ff85-e34c-456b-b39b-3f6be3e99df2,https://firebasestorage.googleapis.com:443/v0/b/us-videos-staging/o/original%2F7gx6djr1ObVXkTQzwFLV.mp4?alt=media&token=07d31966-aebf-4fb9-aa98-ca286f5e1a7f
A5PKU01IFgZhhDrfGhYn,https://firebasestorage.googleapis.com:443/v0/b/onform-ml-data-staging/o/apple-pose-data%2FA5PKU01IFgZhhDrfGhYn.json?alt=media&token=c9ab9f6a-c168-46dd-9b6a-92c6859df053,https://firebasestorage.googleapis.com:443/v0/b/us-videos-staging/o/original%2FA5PKU01IFgZhhDrfGhYn.mp4?alt=media&token=d6ff393b-50ad-4a85-bad0-c72a89587e54
AcAsmrvnvxQO9p0Yujuz,https://firebasestorage.googleapis.com:443/v0/b/onform-ml-data-staging/o/apple-pose-data%2FAcAsmrvnvxQO9p0Yujuz.json?alt=media&token=6499fb6a-d62a-49d8-8478-0a3858bea712,https://firebasestorage.googleapis.com:443/v0/b/us-videos-staging/o/original%2FAcAsmrvnvxQO9p0Yujuz.mp4?alt=media&token=80392e81-b876-489e-8413-bef34259fc87
ArWdI1esXnfy0IWW4GPP,https://firebasestorage.googleapis.com:443/v0/b/onform-ml-data-staging/o/apple-pose-data%2FArWdI1esXnfy0IWW4GPP.json?alt=media&token=3da8aaf6-cdfa-4b27-8314-b4124cec3fc4,https://firebasestorage.googleapis.com:443/v0/b/us-videos-staging/o/original%2FArWdI1esXnfy0IWW4GPP.mp4?alt=media&token=08ce2108-ddfd-4d16-bae0-50393878c32d
BGZ9yfOGNfcI91qWoAQN,https://firebasestorage.googleapis.com:443/v0/b/onform-ml-data-staging/o/apple-pose-data%2FBGZ9yfOGNfcI91qWoAQN.json?alt=media&token=3fd56d30-9a79-4f8b-8844-cf1212d73dab,https://firebasestorage.googleapis.com:443/v0/b/us-videos-staging/o/original%2FBGZ9yfOGNfcI91qWoAQN.mp4?alt=media&token=fe9469d5-3781-4eb3-9c07-83dfaf9f10a3
BH49z8A7afm2lrfdzNja,https://firebasestorage.googleapis.com:443/v0/b/onform-ml-data-staging/o/apple-pose-data%2FBH49z8A7afm2lrfdzNja.json?alt=media&token=c675c36e-d823-43f8-9ff4-14525b9c868e,https://firebasestorage.googleapis.com:443/v0/b/us-videos-staging/o/original%2FBH49z8A7afm2lrfdzNja.mp4?alt=media&token=53ebdbf7-8e53-4e74-840e-7c0dc78d8e7e
ByPpp39p6oDETZ3bZRfs,https://firebasestorage.googleapis.com:443/v0/b/onform-ml-data-staging/o/apple-pose-data%2FByPpp39p6oDETZ3bZRfs.json?alt=media&token=4ee7522d-6e79-4d07-b2ef-7c1d82c30b7c,https://firebasestorage.googleapis.com:443/v0/b/us-videos-staging/o/original%2FByPpp39p6oDETZ3bZRfs.mp4?alt=media&token=c0beba10-b9bd-4504-b038-d681179183d4
CF4XWBDEK3Jc0kgsQMDD,https://firebasestorage.googleapis.com:443/v0/b/onform-ml-data-staging/o/apple-pose-data%2FCF4XWBDEK3Jc0kgsQMDD.json?alt=media&token=05c1ed01-c605-4c79-ba10-03296206af79,https://firebasestorage.googleapis.com:443/v0/b/us-videos-staging/o/original%2FCF4XWBDEK3Jc0kgsQMDD.mp4?alt=media&token=47228f6a-ec38-41db-9b02-4c7f8deb1752
Cv7xJw0BHS3p2R9kln9G,https://firebasestorage.googleapis.com:443/v0/b/onform-ml-data-staging/o/apple-pose-data%2FCv7xJw0BHS3p2R9kln9G.json?alt=media&token=4c3ccd59-5319-4c4d-8d5f-12150afb5fbe,https://firebasestorage.googleapis.com/v0/b/us-videos-staging/o/original%2FCv7xJw0BHS3p2R9kln9G.mp4?alt=media&token=240176f9-4738-4989-be9e-5166ad59c528
CxIEJxzhHsx2mWH1WT6Y,https://firebasestorage.googleapis.com:443/v0/b/onform-ml-data-staging/o/apple-pose-data%2FCxIEJxzhHsx2mWH1WT6Y.json?alt=media&token=f5efe09e-f176-4276-a91a-89bde6a72dc2,https://firebasestorage.googleapis.com:443/v0/b/us-videos-staging/o/original%2FCxIEJxzhHsx2mWH1WT6Y.mp4?alt=media&token=5ecd1aad-bb4a-42b7-9839-faaa1ee9799b
DE7MY2nvHoHhwFiXJeHb,https://firebasestorage.googleapis.com:443/v0/b/onform-ml-data-staging/o/apple-pose-data%2FDE7MY2nvHoHhwFiXJeHb.json?alt=media&token=d8df7c0f-2cd0-4821-9122-fd46b4552371,https://firebasestorage.googleapis.com:443/v0/b/us-videos-staging/o/original%2FDE7MY2nvHoHhwFiXJeHb.mp4?alt=media&token=4e352333-ac33-491f-bd59-b009930a7802
DvvR1wk8fEY7rikhjHFP,https://firebasestorage.googleapis.com:443/v0/b/onform-ml-data-staging/o/apple-pose-data%2FDvvR1wk8fEY7rikhjHFP.json?alt=media&token=02a89b2c-d8e1-4d20-be72-88bdef486dea,https://firebasestorage.googleapis.com/v0/b/us-videos-staging/o/original%2FDvvR1wk8fEY7rikhjHFP.mp4?alt=media&token=4e352333-ac33-491f-bd59-b009930a7802
FBoCPnhw8DnJq5rpP4Sw,https://firebasestorage.googleapis.com:443/v0/b/onform-ml-data-staging/o/apple-pose-data%2FFBoCPnhw8DnJq5rpP4Sw.json?alt=media&token=43125aae-7a13-48d2-b438-fc55e29cd51c,https://firebasestorage.googleapis.com:443/v0/b/us-videos-staging/o/original%2FFBoCPnhw8DnJq5rpP4Sw.mp4?alt=media&token=f5615d41-45c0-414f-b176-e75898e7cc7f
G3imwdYOohjZD0PYRuTR,https://firebasestorage.googleapis.com:443/v0/b/onform-ml-data-staging/o/apple-pose-data%2FG3imwdYOohjZD0PYRuTR.json?alt=media&token=c0b8edbf-6164-4e7e-8efe-53b6fe3fa002,https://firebasestorage.googleapis.com:443/v0/b/us-videos-staging/o/original%2FG3imwdYOohjZD0PYRuTR.mp4?alt=media&token=d00e15f0-2305-452a-8afd-88310cffbdc7
GlLf9DqbRyQMWl83N7Nl,https://firebasestorage.googleapis.com:443/v0/b/onform-ml-data-staging/o/apple-pose-data%2FGlLf9DqbRyQMWl83N7Nl.json?alt=media&token=f21e1de1-4991-404f-aec8-ad4302080ad1,https://firebasestorage.googleapis.com:443/v0/b/us-videos-staging/o/original%2FGlLf9DqbRyQMWl83N7Nl.mp4?alt=media&token=f5944998-c801-4c6e-90ab-58356dfed698
GvEJdYFbndFFxNKhiQxr,https://firebasestorage.googleapis.com:443/v0/b/onform-ml-data-staging/o/apple-pose-data%2FGvEJdYFbndFFxNKhiQxr.json?alt=media&token=e1cb699e-18c3-453b-ae0a-2a9597df0ba4,https://firebasestorage.googleapis.com:443/v0/b/us-videos-staging/o/original%2FGvEJdYFbndFFxNKhiQxr.mp4?alt=media&token=e889fd17-f3ce-4dc0-bc9b-ae673b9bc6c8
HxjqT3Ku0QfbIkkcGl2S,https://firebasestorage.googleapis.com:443/v0/b/onform-ml-data-staging/o/apple-pose-data%2FHxjqT3Ku0QfbIkkcGl2S.json?alt=media&token=5fa3ba82-29be-4841-90f5-ca14937b271f,https://firebasestorage.googleapis.com:443/v0/b/us-videos-staging/o/original%2FHxjqT3Ku0QfbIkkcGl2S.mp4?alt=media&token=3474a0e4-61e0-4016-9694-9cd53b2bab36
IcAOxKr5jbtIsHeVNOQb,https://firebasestorage.googleapis.com:443/v0/b/onform-ml-data-staging/o/apple-pose-data%2FIcAOxKr5jbtIsHeVNOQb.json?alt=media&token=5285f677-2ea7-40a7-90b1-245003c73e0c,https://firebasestorage.googleapis.com:443/v0/b/us-videos-staging/o/original%2FIcAOxKr5jbtIsHeVNOQb.mp4?alt=media&token=345ab785-5a4c-4236-bad7-b96ce53dd282
If2Ns66z5Gjd8SsfS1TG,https://firebasestorage.googleapis.com:443/v0/b/onform-ml-data-staging/o/apple-pose-data%2FIf2Ns66z5Gjd8SsfS1TG.json?alt=media&token=d99b6de7-693c-401d-9271-4fb6e8d351ae,https://firebasestorage.googleapis.com:443/v0/b/us-videos-staging/o/original%2FIf2Ns66z5Gjd8SsfS1TG.mp4?alt=media&token=2c2f8f11-b351-484c-9a6a-dd00d814eaf6
IhATgifbwNzr1zBh5E1I,https://firebasestorage.googleapis.com:443/v0/b/onform-ml-data-staging/o/apple-pose-data%2FIhATgifbwNzr1zBh5E1I.json?alt=media&token=90536007-a12a-4d87-9b5a-1352b64af614,https://firebasestorage.googleapis.com:443/v0/b/us-videos-staging/o/original%2FIhATgifbwNzr1zBh5E1I.mp4?alt=media&token=03f8f5ba-722b-4254-8e73-cf7a6ec4c062
JesJzxkcH1v8Bb2jCXWC,https://firebasestorage.googleapis.com:443/v0/b/onform-ml-data-staging/o/apple-pose-data%2FJesJzxkcH1v8Bb2jCXWC.json?alt=media&token=324614b5-baa9-4aa7-9901-9b6aed87d171,https://firebasestorage.googleapis.com:443/v0/b/us-videos-staging/o/original%2FJesJzxkcH1v8Bb2jCXWC.mp4?alt=media&token=f185629c-3542-487b-8427-1c1944b8af64
JgsNcQQDUYlQ7sOr5Vf1,https://firebasestorage.googleapis.com:443/v0/b/onform-ml-data-staging/o/apple-pose-data%2FJgsNcQQDUYlQ7sOr5Vf1.json?alt=media&token=da429ec6-8c74-4da4-82ef-bb9d2831e443,https://firebasestorage.googleapis.com:443/v0/b/us-videos-staging/o/original%2FJgsNcQQDUYlQ7sOr5Vf1.mp4?alt=media&token=808977a8-e942-4504-ae4c-7fcc1d49b905
LK1S1jbpDOSKt3KugbrM,https://firebasestorage.googleapis.com:443/v0/b/onform-ml-data-staging/o/apple-pose-data%2FLK1S1jbpDOSKt3KugbrM.json?alt=media&token=e3d0c3da-6df7-4bf3-8b91-68a3a7810604,https://firebasestorage.googleapis.com:443/v0/b/us-videos-staging/o/original%2FLK1S1jbpDOSKt3KugbrM.mp4?alt=media&token=eb50e19d-6d75-46bc-80bb-d2cb1d7939a3
LSs513Ol2gaBTvzXvHH5,https://firebasestorage.googleapis.com:443/v0/b/onform-ml-data-staging/o/apple-pose-data%2FLSs513Ol2gaBTvzXvHH5.json?alt=media&token=7efbe217-637c-4c11-b08c-066cca09ebf8,https://firebasestorage.googleapis.com:443/v0/b/us-videos-staging/o/original%2FLSs513Ol2gaBTvzXvHH5.mp4?alt=media&token=5c606e6e-c315-47df-bee3-f20362f76311
LjUASfq2ZToHCKxHm3ZI,https://firebasestorage.googleapis.com:443/v0/b/onform-ml-data-staging/o/apple-pose-data%2FLjUASfq2ZToHCKxHm3ZI.json?alt=media&token=c5b4d799-dc01-4570-af49-e81df514c6d3,https://firebasestorage.googleapis.com:443/v0/b/us-videos-staging/o/original%2FLjUASfq2ZToHCKxHm3ZI.mp4?alt=media&token=e7171348-000a-4b12-8a16-9a4c52ec52b3
LkNzmXiVjSN8f6BWQF2K,https://firebasestorage.googleapis.com:443/v0/b/onform-ml-data-staging/o/apple-pose-data%2FLkNzmXiVjSN8f6BWQF2K.json?alt=media&token=91086a85-d330-4cce-9b06-d2cf2a41c6f2,https://firebasestorage.googleapis.com:443/v0/b/us-videos-staging/o/original%2FLkNzmXiVjSN8f6BWQF2K.mp4?alt=media&token=c24755b7-3b31-43c5-9cdc-89cb249fab96
LtBPvByXFGJeNWCk6Kkt,https://firebasestorage.googleapis.com:443/v0/b/onform-ml-data-staging/o/apple-pose-data%2FLtBPvByXFGJeNWCk6Kkt.json?alt=media&token=3be7bf00-1569-46c3-bae1-a3909de3fbd6,https://firebasestorage.googleapis.com:443/v0/b/us-videos-staging/o/original%2FLtBPvByXFGJeNWCk6Kkt.mp4?alt=media&token=ca339dbb-cbc4-43dd-b0ca-0822206d073e
M2pjc7b6vrq3FmYgwz3Y,https://firebasestorage.googleapis.com:443/v0/b/onform-ml-data-staging/o/apple-pose-data%2FM2pjc7b6vrq3FmYgwz3Y.json?alt=media&token=2c9d1ef2-d57a-465a-b087-523bedf32fe4,https://firebasestorage.googleapis.com:443/v0/b/us-videos-staging/o/original%2FM2pjc7b6vrq3FmYgwz3Y.mp4?alt=media&token=6d960cbb-9228-480e-afb3-768f1c644908
MS3uhBSfKYiQBPUl1lcH,https://firebasestorage.googleapis.com:443/v0/b/onform-ml-data-staging/o/apple-pose-data%2FMS3uhBSfKYiQBPUl1lcH.json?alt=media&token=f9d950b0-a880-4bce-83be-f4bb620ab07e,https://firebasestorage.googleapis.com:443/v0/b/us-videos-staging/o/original%2FMS3uhBSfKYiQBPUl1lcH.mp4?alt=media&token=c51cc19e-e873-4c9c-a220-d4811706513f
MzxhlUNp9T2pjVIqgvo6,https://firebasestorage.googleapis.com:443/v0/b/onform-ml-data-staging/o/apple-pose-data%2FMzxhlUNp9T2pjVIqgvo6.json?alt=media&token=25dc553d-bd9a-4b11-b8c6-c1b38ef34e14,https://firebasestorage.googleapis.com:443/v0/b/us-videos-staging/o/original%2FMzxhlUNp9T2pjVIqgvo6.mp4?alt=media&token=05fcff57-c4fe-4b2a-a211-0d7d5cd466b1
N4oau5qUcxXpXs2aGEnP,https://firebasestorage.googleapis.com:443/v0/b/onform-ml-data-staging/o/apple-pose-data%2FN4oau5qUcxXpXs2aGEnP.json?alt=media&token=4fe2ea41-c771-4379-a6b2-3239f8203d58,https://firebasestorage.googleapis.com:443/v0/b/us-videos-staging/o/original%2FN4oau5qUcxXpXs2aGEnP.mp4?alt=media&token=ed7f7fb3-bb08-4627-b4cf-e6741e6144f8
NI7jDSRt018kQYTLi1uw,https://firebasestorage.googleapis.com:443/v0/b/onform-ml-data-staging/o/apple-pose-data%2FNI7jDSRt018kQYTLi1uw.json?alt=media&token=f10a5ad9-7164-46b4-a3c5-8a4440c454b0,https://firebasestorage.googleapis.com:443/v0/b/us-videos-staging/o/original%2FNI7jDSRt018kQYTLi1uw.mp4?alt=media&token=4dc8871c-2cca-41d0-9e8b-5300bb253c10
NZZ6sX5riaXUEpePest7,https://firebasestorage.googleapis.com:443/v0/b/onform-ml-data-staging/o/apple-pose-data%2FNZZ6sX5riaXUEpePest7.json?alt=media&token=a0486e14-e6a9-460a-9e33-9cb3abf2b146,https://firebasestorage.googleapis.com:443/v0/b/us-videos-staging/o/original%2FNZZ6sX5riaXUEpePest7.mp4?alt=media&token=85717ac8-200a-4ead-a3f4-3789397d27e5
OGsK6y5A1AMvaDDxZ5rj,https://firebasestorage.googleapis.com:443/v0/b/onform-ml-data-staging/o/apple-pose-data%2FOGsK6y5A1AMvaDDxZ5rj.json?alt=media&token=3de70063-f4ac-4cb9-b3a7-99a8c663bed7,https://firebasestorage.googleapis.com:443/v0/b/us-videos-staging/o/original%2FOGsK6y5A1AMvaDDxZ5rj.mp4?alt=media&token=14f80b45-f8e8-48fb-a4c2-03fe6960af1d
OZmUksRkGA6SpvAjC5ao,https://firebasestorage.googleapis.com:443/v0/b/onform-ml-data-staging/o/apple-pose-data%2FOZmUksRkGA6SpvAjC5ao.json?alt=media&token=d6048787-2684-4873-a7d8-38693edcac27,https://firebasestorage.googleapis.com:443/v0/b/us-videos-staging/o/original%2FOZmUksRkGA6SpvAjC5ao.mp4?alt=media&token=1e813252-8791-48dd-8ee8-d31b71dd5fd3
P7cWOEKiTzqEEM7NgSyC,https://firebasestorage.googleapis.com:443/v0/b/onform-ml-data-staging/o/apple-pose-data%2FP7cWOEKiTzqEEM7NgSyC.json?alt=media&token=a7ac3f56-6fdc-460d-b3bd-82f6cac94a94,https://firebasestorage.googleapis.com:443/v0/b/us-videos-staging/o/original%2FP7cWOEKiTzqEEM7NgSyC.mp4?alt=media&token=92f02d58-9334-4d98-b1dc-5398f3fcf6e6
PUhS3vslDQLK0bBujnil,https://firebasestorage.googleapis.com:443/v0/b/onform-ml-data-staging/o/apple-pose-data%2FPUhS3vslDQLK0bBujnil.json?alt=media&token=bc63d926-fff0-4e53-8abf-ea6a4b66197e,https://firebasestorage.googleapis.com:443/v0/b/us-videos-staging/o/original%2FPUhS3vslDQLK0bBujnil.mp4?alt=media&token=8308150b-d845-4c5b-9f43-19492ef21c9e
PUkoSrGJOKDX9iHAUli0,https://firebasestorage.googleapis.com:443/v0/b/onform-ml-data-staging/o/apple-pose-data%2FPUkoSrGJOKDX9iHAUli0.json?alt=media&token=c0859cfa-1cc8-4c43-baf4-7c8c5cabbfc0,https://firebasestorage.googleapis.com:443/v0/b/us-videos-staging/o/original%2FPUkoSrGJOKDX9iHAUli0.mp4?alt=media&token=6b9be694-378c-4ed2-bec2-64ab689ae4c9
PuXhEQ4qaJZNJzs0GwZ4,https://firebasestorage.googleapis.com:443/v0/b/onform-ml-data-staging/o/apple-pose-data%2FPuXhEQ4qaJZNJzs0GwZ4.json?alt=media&token=d81780c5-26cf-4238-88ac-48de68872d9c,https://firebasestorage.googleapis.com:443/v0/b/us-videos-staging/o/original%2FPuXhEQ4qaJZNJzs0GwZ4.mp4?alt=media&token=1e711c75-4e23-45c5-a2f0-5ec1f6d47dbf
RAhWj4Ty7dXc9TjHpcfw,https://firebasestorage.googleapis.com:443/v0/b/onform-ml-data-staging/o/apple-pose-data%2FRAhWj4Ty7dXc9TjHpcfw.json?alt=media&token=04e59cc3-2a4d-4fd7-8c0c-5635a19092c2,https://firebasestorage.googleapis.com:443/v0/b/us-videos-staging/o/original%2FRAhWj4Ty7dXc9TjHpcfw.mp4?alt=media&token=e57e7d35-ef7a-400e-b70e-1e417d707462
RbIvtRw9xq4QPrRW3FtH,https://firebasestorage.googleapis.com:443/v0/b/onform-ml-data-staging/o/apple-pose-data%2FRbIvtRw9xq4QPrRW3FtH.json?alt=media&token=bb3b7bf0-3fb3-44ce-a866-bdab905a5f1b,https://firebasestorage.googleapis.com/v0/b/us-videos-staging/o/original%2FRbIvtRw9xq4QPrRW3FtH.mp4?alt=media&token=d00e15f0-2305-452a-8afd-88310cffbdc7
S2Kj5HA0pZqiclzfcEDL,https://firebasestorage.googleapis.com:443/v0/b/onform-ml-data-staging/o/apple-pose-data%2FS2Kj5HA0pZqiclzfcEDL.json?alt=media&token=8d026ffa-3f7d-4a59-989b-2300fce97d0d,https://firebasestorage.googleapis.com:443/v0/b/us-videos-staging/o/original%2FS2Kj5HA0pZqiclzfcEDL.mp4?alt=media&token=5673c083-93d2-45c1-9c0f-7e1232134cd0
SgVPM6KMGXicnJixs0wz,https://firebasestorage.googleapis.com:443/v0/b/onform-ml-data-staging/o/apple-pose-data%2FSgVPM6KMGXicnJixs0wz.json?alt=media&token=27ea7207-7f56-44a9-ba1c-7b37d52b1a0b,https://firebasestorage.googleapis.com:443/v0/b/us-videos-staging/o/original%2FSgVPM6KMGXicnJixs0wz.mp4?alt=media&token=5bc080c4-a401-49b7-8199-18455f681256
TAWHtwEqym2QkyLQmRr9,https://firebasestorage.googleapis.com:443/v0/b/onform-ml-data-staging/o/apple-pose-data%2FTAWHtwEqym2QkyLQmRr9.json?alt=media&token=6db333f4-ad18-4fb5-b16e-54d61ec06646,https://firebasestorage.googleapis.com:443/v0/b/us-videos-staging/o/original%2FTAWHtwEqym2QkyLQmRr9.mp4?alt=media&token=cb77389c-81b2-4fe1-ae53-1cbc06ce795a
UOmXzDrJeTWQFq6gVTPA,https://firebasestorage.googleapis.com:443/v0/b/onform-ml-data-staging/o/apple-pose-data%2FUOmXzDrJeTWQFq6gVTPA.json?alt=media&token=c9bd004c-28e2-47c0-b8c2-60f62d73f26e,https://firebasestorage.googleapis.com:443/v0/b/us-videos-staging/o/original%2FUOmXzDrJeTWQFq6gVTPA.mp4?alt=media&token=e640655e-0c8e-48ce-8b5b-b85a83ac0424
V4K61Juvj34R0K0lSboV,https://firebasestorage.googleapis.com:443/v0/b/onform-ml-data-staging/o/apple-pose-data%2FV4K61Juvj34R0K0lSboV.json?alt=media&token=05c92a77-1e9b-45d1-9142-87c8b9e4c60e,https://firebasestorage.googleapis.com:443/v0/b/us-videos-staging/o/original%2FV4K61Juvj34R0K0lSboV.mp4?alt=media&token=78b9c3a9-8bac-4075-be9b-520e6524e03c
VRt0ybxkJOn2tZgp1ejt,https://firebasestorage.googleapis.com:443/v0/b/onform-ml-data-staging/o/apple-pose-data%2FVRt0ybxkJOn2tZgp1ejt.json?alt=media&token=bf68369d-6804-463b-9c26-42ef72081889,https://firebasestorage.googleapis.com:443/v0/b/us-videos-staging/o/original%2FVRt0ybxkJOn2tZgp1ejt.mp4?alt=media&token=db06e2b8-b7ab-40f3-bfb4-098ac74b1d73
VvTbprmdB2XQhRqJPCC5,https://firebasestorage.googleapis.com:443/v0/b/onform-ml-data-staging/o/apple-pose-data%2FVvTbprmdB2XQhRqJPCC5.json?alt=media&token=a45a93c4-a9d0-40d5-9263-3d06495a41a0,https://firebasestorage.googleapis.com:443/v0/b/us-videos-staging/o/original%2FVvTbprmdB2XQhRqJPCC5.mp4?alt=media&token=fb2c1b63-a259-4ca5-9997-a60e117f49ad
WVuWgyOtJIbf7G8lXI9D,https://firebasestorage.googleapis.com:443/v0/b/onform-ml-data-staging/o/apple-pose-data%2FWVuWgyOtJIbf7G8lXI9D.json?alt=media&token=c53ad9fb-40fa-42b8-bfa2-4b7527cb3ae1,https://firebasestorage.googleapis.com:443/v0/b/us-videos-staging/o/original%2FWVuWgyOtJIbf7G8lXI9D.mp4?alt=media&token=83952d2b-83e1-4831-964b-2ceeb31d0ad6
WgHWlF88S8iTbGlaJhFs,https://firebasestorage.googleapis.com:443/v0/b/onform-ml-data-staging/o/apple-pose-data%2FWgHWlF88S8iTbGlaJhFs.json?alt=media&token=bd9c7831-4a39-45fc-b772-b48b7fc0e9df,https://firebasestorage.googleapis.com:443/v0/b/us-videos-staging/o/original%2FWgHWlF88S8iTbGlaJhFs.mp4?alt=media&token=2a410311-b953-469f-b3af-8255940114a3
Wtr8N2BRYzdK8SLWCWgF,https://firebasestorage.googleapis.com:443/v0/b/onform-ml-data-staging/o/apple-pose-data%2FWtr8N2BRYzdK8SLWCWgF.json?alt=media&token=95f4fdbd-ae5c-4db2-980e-25dd55e2dfa9,https://firebasestorage.googleapis.com:443/v0/b/us-videos-staging/o/original%2FWtr8N2BRYzdK8SLWCWgF.mp4?alt=media&token=a8b32ae2-a2cc-422f-9c57-1adc7bdf9934
Wu6Tn7IRyOxw5SUDQx1F,https://firebasestorage.googleapis.com:443/v0/b/onform-ml-data-staging/o/apple-pose-data%2FWu6Tn7IRyOxw5SUDQx1F.json?alt=media&token=dd3c99e5-8abe-4ee1-b3ed-c40dd31b758a,https://firebasestorage.googleapis.com:443/v0/b/us-videos-staging/o/original%2FWu6Tn7IRyOxw5SUDQx1F.mp4?alt=media&token=8535f3d4-db27-4bf7-b2fd-8012caa7c47f
X6CKujrYviEhgTnnlvOm,https://firebasestorage.googleapis.com:443/v0/b/onform-ml-data-staging/o/apple-pose-data%2FX6CKujrYviEhgTnnlvOm.json?alt=media&token=c7406d52-f984-4597-bbea-75425a2caad9,https://firebasestorage.googleapis.com:443/v0/b/us-videos-staging/o/original%2FX6CKujrYviEhgTnnlvOm.mp4?alt=media&token=2708fdd1-664f-4f58-8923-1b55be0864c0
X9U6NW2p9mrNLEIKwRaz,https://firebasestorage.googleapis.com:443/v0/b/onform-ml-data-staging/o/apple-pose-data%2FX9U6NW2p9mrNLEIKwRaz.json?alt=media&token=de47b8e5-8b3a-4e29-a85e-2715be1095e0,https://firebasestorage.googleapis.com:443/v0/b/us-videos-staging/o/original%2FX9U6NW2p9mrNLEIKwRaz.mp4?alt=media&token=854209ce-f767-491f-b3dc-3bc34aec24ec
Ykd9FwMYFdA97oZ8qvLx,https://firebasestorage.googleapis.com:443/v0/b/onform-ml-data-staging/o/apple-pose-data%2FYkd9FwMYFdA97oZ8qvLx.json?alt=media&token=fed2aa0e-b88e-4545-85f4-9200501d98bc,https://firebasestorage.googleapis.com:443/v0/b/us-videos-staging/o/original%2FYkd9FwMYFdA97oZ8qvLx.mp4?alt=media&token=a89f8310-e9fa-44b5-9e8b-ef617cc6fec9
aEw7q14YHdbCQsnCIoNC,https://firebasestorage.googleapis.com:443/v0/b/onform-ml-data-staging/o/apple-pose-data%2FaEw7q14YHdbCQsnCIoNC.json?alt=media&token=bc91f275-7867-4c88-8cab-d7827fc8939d,https://firebasestorage.googleapis.com:443/v0/b/us-videos-staging/o/original%2FaEw7q14YHdbCQsnCIoNC.mp4?alt=media&token=2f2bf778-307e-4aa0-8bee-dc8c9666e31f
c37aHsUs2E4j7opB7w6k,https://firebasestorage.googleapis.com:443/v0/b/onform-ml-data-staging/o/apple-pose-data%2Fc37aHsUs2E4j7opB7w6k.json?alt=media&token=4d84aabe-540c-4f40-be0c-be6ca936dafc,https://firebasestorage.googleapis.com:443/v0/b/us-videos-staging/o/original%2Fc37aHsUs2E4j7opB7w6k.mp4?alt=media&token=8a93ee2e-1460-4f2f-88e1-ca152aeee462
cybM4flnRuzNk2fkjxA9,https://firebasestorage.googleapis.com:443/v0/b/onform-ml-data-staging/o/apple-pose-data%2FcybM4flnRuzNk2fkjxA9.json?alt=media&token=d5e01e5b-14b5-42d6-b2d1-4e42ffed4ab7,https://firebasestorage.googleapis.com:443/v0/b/us-videos-staging/o/original%2FcybM4flnRuzNk2fkjxA9.mp4?alt=media&token=3b8cca40-5b86-40bf-b5c9-e60c0e15d62d
d8b71KKEv90Uc2205OgC,https://firebasestorage.googleapis.com:443/v0/b/onform-ml-data-staging/o/apple-pose-data%2Fd8b71KKEv90Uc2205OgC.json?alt=media&token=6ebd15e1-5130-4c36-ac43-e1c277cf1a8e,https://firebasestorage.googleapis.com:443/v0/b/us-videos-staging/o/original%2Fd8b71KKEv90Uc2205OgC.mp4?alt=media&token=7f9f0579-6e09-4fb8-824b-6aac34052205
dMCWgZK26BtCUDQq6xVa,https://firebasestorage.googleapis.com:443/v0/b/onform-ml-data-staging/o/apple-pose-data%2FdMCWgZK26BtCUDQq6xVa.json?alt=media&token=3a8a0b03-2b3b-4de3-be88-12e1a59c0a33,https://firebasestorage.googleapis.com:443/v0/b/us-videos-staging/o/original%2FdMCWgZK26BtCUDQq6xVa.mp4?alt=media&token=0ea8fa27-0c43-4840-842b-5154df42dd80
dfnGmXHlEhYc3Y9XKJuD,https://firebasestorage.googleapis.com:443/v0/b/onform-ml-data-staging/o/apple-pose-data%2FdfnGmXHlEhYc3Y9XKJuD.json?alt=media&token=306a328b-11b7-4105-97f0-9536bc1e8aea,https://firebasestorage.googleapis.com:443/v0/b/us-videos-staging/o/original%2FdfnGmXHlEhYc3Y9XKJuD.mp4?alt=media&token=39a34a7f-db39-4538-927b-325ce918e919
e1FvcXkVP8KmNg5fFVkn,https://firebasestorage.googleapis.com:443/v0/b/onform-ml-data-staging/o/apple-pose-data%2Fe1FvcXkVP8KmNg5fFVkn.json?alt=media&token=045fb9ff-0556-4ab2-a980-08197ebb6cf0,https://firebasestorage.googleapis.com:443/v0/b/us-videos-staging/o/original%2Fe1FvcXkVP8KmNg5fFVkn.mp4?alt=media&token=f81b9de8-7a9d-4b69-9b16-658601be0e4c
eDX9MUzddizr78L8ZH9D,https://firebasestorage.googleapis.com:443/v0/b/onform-ml-data-staging/o/apple-pose-data%2FeDX9MUzddizr78L8ZH9D.json?alt=media&token=c67b8ff4-290b-4d43-a64c-0e111daf8b13,https://firebasestorage.googleapis.com:443/v0/b/us-videos-staging/o/original%2FeDX9MUzddizr78L8ZH9D.mp4?alt=media&token=a18addd6-7dca-4c34-9f46-0f4566118a76
edNdeAnfihGkTpQcTRU5,https://firebasestorage.googleapis.com:443/v0/b/onform-ml-data-staging/o/apple-pose-data%2FedNdeAnfihGkTpQcTRU5.json?alt=media&token=e083ec64-5f3c-4474-8567-3c7013896009,https://firebasestorage.googleapis.com/v0/b/us-videos-staging/o/original%2FedNdeAnfihGkTpQcTRU5.mp4?alt=media&token=ca339dbb-cbc4-43dd-b0ca-0822206d073e
exiGT6KnE1Cb9EXly4nt,https://firebasestorage.googleapis.com:443/v0/b/onform-ml-data-staging/o/apple-pose-data%2FexiGT6KnE1Cb9EXly4nt.json?alt=media&token=2f2a870b-f042-4b6b-866b-fec7e7edad55,https://firebasestorage.googleapis.com:443/v0/b/us-videos-staging/o/original%2FexiGT6KnE1Cb9EXly4nt.mp4?alt=media&token=9e9952aa-d32b-43e3-aeac-0912074b453d
j4HiOuE1cLNfeNQVMDKG,https://firebasestorage.googleapis.com:443/v0/b/onform-ml-data-staging/o/apple-pose-data%2Fj4HiOuE1cLNfeNQVMDKG.json?alt=media&token=9d06efd6-bf8a-4db2-8524-e1b0d6ed1772,https://firebasestorage.googleapis.com:443/v0/b/us-videos-staging/o/original%2Fj4HiOuE1cLNfeNQVMDKG.mp4?alt=media&token=51cb59aa-909f-42f5-b745-703e9e26312c
l3imh3EwXU6bvAeJx40z,https://firebasestorage.googleapis.com:443/v0/b/onform-ml-data-staging/o/apple-pose-data%2Fl3imh3EwXU6bvAeJx40z.json?alt=media&token=4c7ea005-f4a0-493d-99ac-e472a81db056,https://firebasestorage.googleapis.com:443/v0/b/us-videos-staging/o/original%2Fl3imh3EwXU6bvAeJx40z.mp4?alt=media&token=03b4d87c-cbf8-4d31-9ebf-af8e867405f5
lELf7hkhN5UDzlOBa3xN,https://firebasestorage.googleapis.com:443/v0/b/onform-ml-data-staging/o/apple-pose-data%2FlELf7hkhN5UDzlOBa3xN.json?alt=media&token=1ff39176-69dc-42ee-abb2-cb62f9159abb,https://firebasestorage.googleapis.com:443/v0/b/us-videos-staging/o/original%2FlELf7hkhN5UDzlOBa3xN.mp4?alt=media&token=eef5387e-5760-4a55-b90b-e70b19f84fd7
lZZ8NxVzQ36SJRq0whf3,https://firebasestorage.googleapis.com:443/v0/b/onform-ml-data-staging/o/apple-pose-data%2FlZZ8NxVzQ36SJRq0whf3.json?alt=media&token=92f33332-2db4-416c-9177-674dd4094128,https://firebasestorage.googleapis.com/v0/b/us-videos-staging/o/original%2FlZZ8NxVzQ36SJRq0whf3.mp4?alt=media&token=d00e15f0-2305-452a-8afd-88310cffbdc7
lqulzVlxMMlV2jv2B2tM,https://firebasestorage.googleapis.com:443/v0/b/onform-ml-data-staging/o/apple-pose-data%2FlqulzVlxMMlV2jv2B2tM.json?alt=media&token=f4a4dcb2-c038-4b00-b57e-613f6800d632,https://firebasestorage.googleapis.com/v0/b/us-videos-staging/o/original%2FlqulzVlxMMlV2jv2B2tM.mp4?alt=media&token=330d97ad-16e8-499f-8c93-fb28c6fd3e98
mTuU9r27RlSJflBk97mz,https://firebasestorage.googleapis.com:443/v0/b/onform-ml-data-staging/o/apple-pose-data%2FmTuU9r27RlSJflBk97mz.json?alt=media&token=a4d6c6e7-28e9-44c1-9eac-85475010e2a0,https://firebasestorage.googleapis.com/v0/b/us-videos-staging/o/original%2FmTuU9r27RlSJflBk97mz.mp4?alt=media&token=4e352333-ac33-491f-bd59-b009930a7802
meiDm6PHMz00omog0Mfz,https://firebasestorage.googleapis.com:443/v0/b/onform-ml-data-staging/o/apple-pose-data%2FmeiDm6PHMz00omog0Mfz.json?alt=media&token=f7312e97-a403-4ed4-b52d-b287c965bf22,https://firebasestorage.googleapis.com:443/v0/b/us-videos-staging/o/original%2FmeiDm6PHMz00omog0Mfz.mp4?alt=media&token=88b88142-cd64-40d5-bf2e-3dc40fc31076
mgZiuL4AatNkBlw5irCz,https://firebasestorage.googleapis.com:443/v0/b/onform-ml-data-staging/o/apple-pose-data%2FmgZiuL4AatNkBlw5irCz.json?alt=media&token=058d4650-a2f2-4128-b3e9-1bdb7351e38e,https://firebasestorage.googleapis.com:443/v0/b/us-videos-staging/o/original%2FmgZiuL4AatNkBlw5irCz.mp4?alt=media&token=e71dbdd7-3f4b-450e-bd46-980039b4b77a
mqRAlrj9PwJuSKQFiI10,https://firebasestorage.googleapis.com:443/v0/b/onform-ml-data-staging/o/apple-pose-data%2FmqRAlrj9PwJuSKQFiI10.json?alt=media&token=ab2a81f6-4e1f-4553-8d9f-a00a9f0edf35,https://firebasestorage.googleapis.com/v0/b/us-videos-staging/o/original%2FmqRAlrj9PwJuSKQFiI10.mp4?alt=media&token=240176f9-4738-4989-be9e-5166ad59c528
n7Bma6Mc3zKk8mnUaptE,https://firebasestorage.googleapis.com:443/v0/b/onform-ml-data-staging/o/apple-pose-data%2Fn7Bma6Mc3zKk8mnUaptE.json?alt=media&token=59c2676d-a50d-4d06-86c4-d8b2c9dec318,https://firebasestorage.googleapis.com:443/v0/b/us-videos-staging/o/original%2Fn7Bma6Mc3zKk8mnUaptE.mp4?alt=media&token=e5a344ee-2c3e-4f90-b25b-fde8f2788cf7
o3zZgM87GhhMreJjOiOO,https://firebasestorage.googleapis.com:443/v0/b/onform-ml-data-staging/o/apple-pose-data%2Fo3zZgM87GhhMreJjOiOO.json?alt=media&token=cca3f995-0fc6-474d-92fa-7242d4253a37,https://firebasestorage.googleapis.com/v0/b/us-videos-staging/o/original%2Fo3zZgM87GhhMreJjOiOO.mp4?alt=media&token=240176f9-4738-4989-be9e-5166ad59c528
qdXm3zPUqmBIwCfMsQ0K,https://firebasestorage.googleapis.com:443/v0/b/onform-ml-data-staging/o/apple-pose-data%2FqdXm3zPUqmBIwCfMsQ0K.json?alt=media&token=6e97f5af-604a-47d0-9711-dba4c99ecf40,https://firebasestorage.googleapis.com/v0/b/us-videos-staging/o/original%2FqdXm3zPUqmBIwCfMsQ0K.mp4?alt=media&token=f81b9de8-7a9d-4b69-9b16-658601be0e4c
qoksHlvD1o5kPmqyJO62,https://firebasestorage.googleapis.com:443/v0/b/onform-ml-data-staging/o/apple-pose-data%2FqoksHlvD1o5kPmqyJO62.json?alt=media&token=2af42ea2-f05b-44f1-9427-4f2e4e4c6c0f,https://firebasestorage.googleapis.com:443/v0/b/us-videos-staging/o/original%2FqoksHlvD1o5kPmqyJO62.mp4?alt=media&token=919473c9-eed3-4ddb-b572-c05cda70da5a
rUVlJcvMGYIwuVifoJ4b,https://firebasestorage.googleapis.com:443/v0/b/onform-ml-data-staging/o/apple-pose-data%2FrUVlJcvMGYIwuVifoJ4b.json?alt=media&token=f9f0432e-02b5-4fad-ab9b-41feca5f7fee,https://firebasestorage.googleapis.com/v0/b/us-videos-staging/o/original%2FrUVlJcvMGYIwuVifoJ4b.mp4?alt=media&token=3fdde0e4-e829-44e0-bd40-8e8e779900e4
rXH28r2ysCN1nMY5T5gL,https://firebasestorage.googleapis.com:443/v0/b/onform-ml-data-staging/o/apple-pose-data%2FrXH28r2ysCN1nMY5T5gL.json?alt=media&token=b84682fc-7a96-4030-b743-a9dae56879d4,https://firebasestorage.googleapis.com:443/v0/b/us-videos-staging/o/original%2FrXH28r2ysCN1nMY5T5gL.mp4?alt=media&token=9009586a-b084-4471-8f67-6e71d8644158
s0yELMTRMwE2L7Jiz9PJ,https://firebasestorage.googleapis.com:443/v0/b/onform-ml-data-staging/o/apple-pose-data%2Fs0yELMTRMwE2L7Jiz9PJ.json?alt=media&token=1c73d9b0-f063-423b-b660-198c8bb48b65,https://firebasestorage.googleapis.com:443/v0/b/us-videos-staging/o/original%2Fs0yELMTRMwE2L7Jiz9PJ.mp4?alt=media&token=a1100544-5958-43f0-95b6-acd1bb1c2303
sJ8pUfqCGdsHasULbfJA,https://firebasestorage.googleapis.com:443/v0/b/onform-ml-data-staging/o/apple-pose-data%2FsJ8pUfqCGdsHasULbfJA.json?alt=media&token=5a00a540-eb85-4441-a060-c539f9d57bc2,https://firebasestorage.googleapis.com:443/v0/b/us-videos-staging/o/original%2FsJ8pUfqCGdsHasULbfJA.mp4?alt=media&token=b84309d8-ea2e-4dba-a4e6-1528ef63f412
somyZo0hhASD2dyBaoaf,https://firebasestorage.googleapis.com:443/v0/b/onform-ml-data-staging/o/apple-pose-data%2FsomyZo0hhASD2dyBaoaf.json?alt=media&token=f3b696d8-deb1-44fd-bd1d-4b8f48dd835d,https://firebasestorage.googleapis.com:443/v0/b/us-videos-staging/o/original%2FsomyZo0hhASD2dyBaoaf.mp4?alt=media&token=43871d2f-29bd-46f5-a32d-616a543e0d40
u5tG0FjibYfYpn2KmWpm,https://firebasestorage.googleapis.com:443/v0/b/onform-ml-data-staging/o/apple-pose-data%2Fu5tG0FjibYfYpn2KmWpm.json?alt=media&token=06e8b5f6-5879-4d1b-91e0-fb0f9a7ac44c,https://firebasestorage.googleapis.com/v0/b/us-videos-staging/o/original%2Fu5tG0FjibYfYpn2KmWpm.mp4?alt=media&token=d43c4cfb-9028-4d6c-aa3e-66417db0a57d
uPC2WGOnJcSU0Zwf8Jp8,https://firebasestorage.googleapis.com:443/v0/b/onform-ml-data-staging/o/apple-pose-data%2FuPC2WGOnJcSU0Zwf8Jp8.json?alt=media&token=e9b33395-73c0-4237-ae86-4ce20970ee3c,https://firebasestorage.googleapis.com:443/v0/b/us-videos-staging/o/original%2FuPC2WGOnJcSU0Zwf8Jp8.mp4?alt=media&token=47e34abf-8834-4663-a2d5-dfe85ab545e8
urPyrhGwMwKJYVkaY2zZ,https://firebasestorage.googleapis.com:443/v0/b/onform-ml-data-staging/o/apple-pose-data%2FurPyrhGwMwKJYVkaY2zZ.json?alt=media&token=29d4999b-2be9-40e2-87c0-b633b7c574e6,https://firebasestorage.googleapis.com:443/v0/b/us-videos-staging/o/original%2FurPyrhGwMwKJYVkaY2zZ.mp4?alt=media&token=d2b72e23-63f2-4c68-b264-85ade3e9f924
uyHLrxr73wYlozHL7hE8,https://firebasestorage.googleapis.com:443/v0/b/onform-ml-data-staging/o/apple-pose-data%2FuyHLrxr73wYlozHL7hE8.json?alt=media&token=4b9fc6c7-34dd-4b24-b9bf-dd311957a53f,https://firebasestorage.googleapis.com:443/v0/b/us-videos-staging/o/original%2FuyHLrxr73wYlozHL7hE8.mp4?alt=media&token=1ac46089-9dde-498d-ad4d-fbfc89c1797c
wsbYiFhBfBoiKrlAIQDq,https://firebasestorage.googleapis.com:443/v0/b/onform-ml-data-staging/o/apple-pose-data%2FwsbYiFhBfBoiKrlAIQDq.json?alt=media&token=b7f94cf5-61de-443a-bd69-32a7eb42d95c,https://firebasestorage.googleapis.com:443/v0/b/us-videos-staging/o/original%2FwsbYiFhBfBoiKrlAIQDq.mp4?alt=media&token=6d06707e-7836-453f-b652-b2a511e1f42b
xTJWOYNytiOAEsbUg7JH,https://firebasestorage.googleapis.com:443/v0/b/onform-ml-data-staging/o/apple-pose-data%2FxTJWOYNytiOAEsbUg7JH.json?alt=media&token=f9334217-f8df-47fd-9b0a-42fabdb55b55,https://firebasestorage.googleapis.com:443/v0/b/us-videos-staging/o/original%2FxTJWOYNytiOAEsbUg7JH.mp4?alt=media&token=b0a7671a-7428-483d-bd23-e401f27503b9
xgBr42RaLyQcczsV2V6W,https://firebasestorage.googleapis.com:443/v0/b/onform-ml-data-staging/o/apple-pose-data%2FxgBr42RaLyQcczsV2V6W.json?alt=media&token=b4a8873d-593c-46ba-a05f-cfc4de8ad617,https://firebasestorage.googleapis.com:443/v0/b/us-videos-staging/o/original%2FxgBr42RaLyQcczsV2V6W.mp4?alt=media&token=240176f9-4738-4989-be9e-5166ad59c528
yVpl3H5xR1jHvXRQ8j8X,https://firebasestorage.googleapis.com:443/v0/b/onform-ml-data-staging/o/apple-pose-data%2FyVpl3H5xR1jHvXRQ8j8X.json?alt=media&token=e0050d01-b8d5-47fb-a032-0a95a7d55bc7,https://firebasestorage.googleapis.com:443/v0/b/us-videos-staging/o/original%2FyVpl3H5xR1jHvXRQ8j8X.mp4?alt=media&token=a6df68ef-a092-44d4-bf9f-32c8cdd7b157
z2Fn3FhbLid13i0coMYz,https://firebasestorage.googleapis.com:443/v0/b/onform-ml-data-staging/o/apple-pose-data%2Fz2Fn3FhbLid13i0coMYz.json?alt=media&token=aa1863dc-c222-44d8-86da-b76f879aa80c,https://firebasestorage.googleapis.com:443/v0/b/us-videos-staging/o/original%2Fz2Fn3FhbLid13i0coMYz.mp4?alt=media&token=d7c091eb-3b81-42f9-ab6b-7acbf05f6e4c